alpha,accuracy
0.0,0.925
0.1,0.9301587301587302
0.2,0.9341269841269841
0.30000000000000004,0.9444444444444444
0.4,0.9555555555555556
0.5,0.9801587301587301
0.6000000000000001,0.9702380952380952
0.7000000000000001,0.9658730158730159
0.8,0.9623015873015873
0.9,0.9603174603174603
1.0,0.9583333333333334
